id,time,nodeaddr,appeui,gwaddr,modulation,datarate,snr,rssi,freq,fcount,lat,lon,alt,accuracy,hdop,sats,provider,name,user_agent
34884443, 2020-11-28 09:06:50, feather_m0, iot_g4, C0EE40FFFF2947E1, LORA, SF12, 7.20, -91.00, 867.500, 4, 0.000000, 0.000000, 0.0, 0.00, 0.0, 0, payload_fields, P1, null
34884444, 2020-11-28 09:06:50, feather_m0, iot_g4, 1DEE0EF864B8691B, LORA, SF12, -18.50, -90.00, 867.500, 4, 0.000000, 0.000000, 0.0, 0.00, 0.0, 0, payload_fields, P1, null
34884445, 2020-11-28 09:06:50, feather_m0, iot_g4, FCC23DFFFE0B685F, LORA, SF12, 8.50, -74.00, 867.500, 4, 0.000000, 0.000000, 0.0, 0.00, 0.0, 0, payload_fields, P1, null
34884446, 2020-11-28 09:06:50, feather_m0, iot_g4, ttn-tum-i10, LORA, SF12, 7.25, -95.00, 867.500, 4, 0.000000, 0.000000, 0.0, 0.00, 0.0, 0, payload_fields, P1, null
34884379, 2020-11-28 09:06:15, feather_m0, iot_g4, C0EE40FFFF2947BC, LORA, SF10, -14.00, -111.00, 867.100, 3, 0.000000, 0.000000, 0.0, 0.00, 0.0, 0, payload_fields, P1, null
34884380, 2020-11-28 09:06:15, feather_m0, iot_g4, 1DEE0EF864B8691B, LORA, SF10, 2.80, -113.00, 867.100, 3, 0.000000, 0.000000, 0.0, 0.00, 0.0, 0, payload_fields, P1, null
34884381, 2020-11-28 09:06:15, feather_m0, iot_g4, C0EE40FFFF2947E1, LORA, SF10, 7.80, -109.00, 867.100, 3, 0.000000, 0.000000, 0.0, 0.00, 0.0, 0, payload_fields, P1, null
34884382, 2020-11-28 09:06:15, feather_m0, iot_g4, FCC23DFFFE0B685F, LORA, SF10, 12.20, -75.00, 867.100, 3, 0.000000, 0.000000, 0.0, 0.00, 0.0, 0, payload_fields, P1, null
34884383, 2020-11-28 09:06:15, feather_m0, iot_g4, ttn-tum-i10, LORA, SF10, -1.75, -113.00, 867.100, 3, 0.000000, 0.000000, 0.0, 0.00, 0.0, 0, payload_fields, P1, null
34884336, 2020-11-28 09:05:59, feather_m0, iot_g4, 1DEE0EF864B8691B, LORA, SF09, -3.50, -111.00, 868.500, 2, 0.000000, 0.000000, 0.0, 0.00, 0.0, 0, payload_fields, P1, null
34884337, 2020-11-28 09:05:59, feather_m0, iot_g4, FCC23DFFFE0B685F, LORA, SF09, 8.20, -87.00, 868.500, 2, 0.000000, 0.000000, 0.0, 0.00, 0.0, 0, payload_fields, P1, null
34884338, 2020-11-28 09:05:59, feather_m0, iot_g4, C0EE40FFFF2947E1, LORA, SF09, 8.50, -95.00, 868.500, 2, 0.000000, 0.000000, 0.0, 0.00, 0.0, 0, payload_fields, P1, null
34884339, 2020-11-28 09:05:59, feather_m0, iot_g4, ttn-tum-i10, LORA, SF09, 8.50, -88.00, 868.500, 2, 0.000000, 0.000000, 0.0, 0.00, 0.0, 0, payload_fields, P1, null
34884313, 2020-11-28 09:05:47, feather_m0, iot_g4, 1DEE0EF864B8691B, LORA, SF08, -4.20, -106.00, 868.300, 1, 0.000000, 0.000000, 0.0, 0.00, 0.0, 0, payload_fields, P1, null
34884314, 2020-11-28 09:05:47, feather_m0, iot_g4, C0EE40FFFF2947E1, LORA, SF08, 12.50, -90.00, 868.300, 1, 0.000000, 0.000000, 0.0, 0.00, 0.0, 0, payload_fields, P1, null
34884315, 2020-11-28 09:05:47, feather_m0, iot_g4, FCC23DFFFE0B685F, LORA, SF08, 11.20, -77.00, 868.300, 1, 0.000000, 0.000000, 0.0, 0.00, 0.0, 0, payload_fields, P1, null
34884316, 2020-11-28 09:05:47, feather_m0, iot_g4, ttn-tum-i10, LORA, SF08, 12.00, -90.00, 868.300, 1, 0.000000, 0.000000, 0.0, 0.00, 0.0, 0, payload_fields, P1, null
34884298, 2020-11-28 09:05:36, feather_m0, iot_g4, C0EE40FFFF2947E1, LORA, SF07, 9.50, -88.00, 868.100, 0, 0.000000, 0.000000, 0.0, 0.00, 0.0, 0, payload_fields, P1, null
34884299, 2020-11-28 09:05:36, feather_m0, iot_g4, FCC23DFFFE0B685F, LORA, SF07, 10.20, -79.00, 868.100, 0, 0.000000, 0.000000, 0.0, 0.00, 0.0, 0, payload_fields, P1, null
34884300, 2020-11-28 09:05:36, feather_m0, iot_g4, 1DEE0EF864B8691B, LORA, SF07, -4.80, -108.00, 868.100, 0, 0.000000, 0.000000, 0.0, 0.00, 0.0, 0, payload_fields, P1, null
34884301, 2020-11-28 09:05:36, feather_m0, iot_g4, ttn-tum-i10, LORA, SF07, 9.25, -90.00, 868.100, 0, 0.000000, 0.000000, 0.0, 0.00, 0.0, 0, payload_fields, P1, null
34885692, 2020-11-28 09:19:56, feather_m0, iot_g4, FCC23DFFFE0B713E, LORA, SF11, -16.00, -115.00, 868.500, 5, 0.000000, 0.000000, 0.0, 0.00, 0.0, 0, payload_fields, P2, null
34885693, 2020-11-28 09:19:56, feather_m0, iot_g4, C0EE40FFFF2947E1, LORA, SF11, 10.00, -84.00, 868.500, 5, 0.000000, 0.000000, 0.0, 0.00, 0.0, 0, payload_fields, P2, null
34885694, 2020-11-28 09:19:56, feather_m0, iot_g4, FCC23DFFFE0B685F, LORA, SF11, 10.00, -93.00, 868.500, 5, 0.000000, 0.000000, 0.0, 0.00, 0.0, 0, payload_fields, P2, null
34885695, 2020-11-28 09:19:56, feather_m0, iot_g4, 1DEE0EF864B8691B, LORA, SF11, 3.80, -106.00, 868.500, 5, 0.000000, 0.000000, 0.0, 0.00, 0.0, 0, payload_fields, P2, null
34885696, 2020-11-28 09:19:56, feather_m0, iot_g4, C0EE40FFFF2947BC, LORA, SF11, -9.50, -109.00, 868.500, 5, 0.000000, 0.000000, 0.0, 0.00, 0.0, 0, payload_fields, P2, null
34885697, 2020-11-28 09:19:56, feather_m0, iot_g4, ttn-tum-i10, LORA, SF11, -12.25, -108.00, 868.500, 5, 0.000000, 0.000000, 0.0, 0.00, 0.0, 0, payload_fields, P2, null
34885465, 2020-11-28 09:17:44, feather_m0, iot_g4, FCC23DFFFE0B685F, LORA, SF12, 7.80, -92.00, 868.100, 4, 0.000000, 0.000000, 0.0, 0.00, 0.0, 0, payload_fields, P2, null
34885466, 2020-11-28 09:17:44, feather_m0, iot_g4, C0EE40FFFF294885, LORA, SF12, -9.20, -106.00, 868.100, 4, 0.000000, 0.000000, 0.0, 0.00, 0.0, 0, payload_fields, P2, null
34885467, 2020-11-28 09:17:44, feather_m0, iot_g4, 1DEE0EF864B8691B, LORA, SF12, -6.00, -108.00, 868.100, 4, 0.000000, 0.000000, 0.0, 0.00, 0.0, 0, payload_fields, P2, null
34885468, 2020-11-28 09:17:44, feather_m0, iot_g4, C0EE40FFFF2947E1, LORA, SF12, 8.00, -99.00, 868.100, 4, 0.000000, 0.000000, 0.0, 0.00, 0.0, 0, payload_fields, P2, null
34885469, 2020-11-28 09:17:44, feather_m0, iot_g4, FCC23DFFFE0B713E, LORA, SF12, -15.80, -117.00, 868.100, 4, 0.000000, 0.000000, 0.0, 0.00, 0.0, 0, payload_fields, P2, null
34885470, 2020-11-28 09:17:44, feather_m0, iot_g4, FCC23DFFFE0B9926, LORA, SF12, -8.80, -117.00, 868.100, 4, 0.000000, 0.000000, 0.0, 0.00, 0.0, 0, payload_fields, P2, null
34885471, 2020-11-28 09:17:44, feather_m0, iot_g4, C0EE40FFFF2947BC, LORA, SF12, -4.20, -111.00, 868.100, 4, 0.000000, 0.000000, 0.0, 0.00, 0.0, 0, payload_fields, P2, null
34885404, 2020-11-28 09:17:10, feather_m0, iot_g4, C0EE40FFFF2947E1, LORA, SF10, 13.20, -89.00, 867.700, 3, 0.000000, 0.000000, 0.0, 0.00, 0.0, 0, payload_fields, P2, null
34885405, 2020-11-28 09:17:10, feather_m0, iot_g4, 1DEE0EF864B8691B, LORA, SF10, -6.00, -114.00, 867.700, 3, 0.000000, 0.000000, 0.0, 0.00, 0.0, 0, payload_fields, P2, null
34885406, 2020-11-28 09:17:10, feather_m0, iot_g4, FCC23DFFFE0B685F, LORA, SF10, 8.80, -98.00, 867.700, 3, 0.000000, 0.000000, 0.0, 0.00, 0.0, 0, payload_fields, P2, null
34885407, 2020-11-28 09:17:10, feather_m0, iot_g4, C0EE40FFFF2947BC, LORA, SF10, -8.00, -111.00, 867.700, 3, 0.000000, 0.000000, 0.0, 0.00, 0.0, 0, payload_fields, P2, null
34885376, 2020-11-28 09:16:53, feather_m0, iot_g4, C0EE40FFFF2947BC, LORA, SF09, -11.50, -109.00, 867.500, 2, 0.000000, 0.000000, 0.0, 0.00, 0.0, 0, payload_fields, P2, null
34885374, 2020-11-28 09:16:53, feather_m0, iot_g4, C0EE40FFFF2947E1, LORA, SF09, 8.00, -90.00, 867.500, 2, 0.000000, 0.000000, 0.0, 0.00, 0.0, 0, payload_fields, P2, null
34885375, 2020-11-28 09:16:53, feather_m0, iot_g4, FCC23DFFFE0B685F, LORA, SF09, 7.20, -91.00, 867.500, 2, 0.000000, 0.000000, 0.0, 0.00, 0.0, 0, payload_fields, P2, null
34885357, 2020-11-28 09:16:42, feather_m0, iot_g4, FCC23DFFFE0B9926, LORA, SF08, -9.20, -117.00, 867.300, 1, 0.000000, 0.000000, 0.0, 0.00, 0.0, 0, payload_fields, P2, null
34885358, 2020-11-28 09:16:42, feather_m0, iot_g4, FCC23DFFFE0B685F, LORA, SF08, 10.50, -95.00, 867.300, 1, 0.000000, 0.000000, 0.0, 0.00, 0.0, 0, payload_fields, P2, null
34885359, 2020-11-28 09:16:42, feather_m0, iot_g4, 1DEE0EF864B8691B, LORA, SF08, -9.80, -117.00, 867.300, 1, 0.000000, 0.000000, 0.0, 0.00, 0.0, 0, payload_fields, P2, null
34885360, 2020-11-28 09:16:42, feather_m0, iot_g4, C0EE40FFFF2947BC, LORA, SF08, -9.80, -109.00, 867.300, 1, 0.000000, 0.000000, 0.0, 0.00, 0.0, 0, payload_fields, P2, null
34885361, 2020-11-28 09:16:42, feather_m0, iot_g4, C0EE40FFFF2947E1, LORA, SF08, 12.20, -93.00, 867.300, 1, 0.000000, 0.000000, 0.0, 0.00, 0.0, 0, payload_fields, P2, null
34885340, 2020-11-28 09:16:31, feather_m0, iot_g4, FCC23DFFFE0B685F, LORA, SF07, 8.20, -101.00, 867.100, 0, 0.000000, 0.000000, 0.0, 0.00, 0.0, 0, payload_fields, P2, null
34885341, 2020-11-28 09:16:31, feather_m0, iot_g4, C0EE40FFFF2947E1, LORA, SF07, 9.00, -95.00, 867.100, 0, 0.000000, 0.000000, 0.0, 0.00, 0.0, 0, payload_fields, P2, null
34887264, 2020-11-28 09:36:30, feather_m0, iot_g4, C0EE40FFFF2947E1, LORA, SF11, 10.20, -95.00, 867.700, 5, 0.000000, 0.000000, 0.0, 0.00, 0.0, 0, payload_fields, P3, null
34887265, 2020-11-28 09:36:30, feather_m0, iot_g4, 1DEE0EF864B8691B, LORA, SF11, -7.50, -114.00, 867.700, 5, 0.000000, 0.000000, 0.0, 0.00, 0.0, 0, payload_fields, P3, null
34887266, 2020-11-28 09:36:30, feather_m0, iot_g4, FCC23DFFFE0B685F, LORA, SF11, 8.80, -96.00, 867.700, 5, 0.000000, 0.000000, 0.0, 0.00, 0.0, 0, payload_fields, P3, null
34887267, 2020-11-28 09:36:30, feather_m0, iot_g4, FCC23DFFFE0B9926, LORA, SF11, -9.00, -118.00, 867.700, 5, 0.000000, 0.000000, 0.0, 0.00, 0.0, 0, payload_fields, P3, null
34887057, 2020-11-28 09:34:17, feather_m0, iot_g4, FCC23DFFFE0B9926, LORA, SF12, -9.80, -116.00, 867.300, 4, 0.000000, 0.000000, 0.0, 0.00, 0.0, 0, payload_fields, P3, null
34887058, 2020-11-28 09:34:17, feather_m0, iot_g4, 1DEE0EF864B8691B, LORA, SF12, -4.80, -113.00, 867.300, 4, 0.000000, 0.000000, 0.0, 0.00, 0.0, 0, payload_fields, P3, null
34887059, 2020-11-28 09:34:17, feather_m0, iot_g4, FCC23DFFFE0B685F, LORA, SF12, 9.50, -85.00, 867.300, 4, 0.000000, 0.000000, 0.0, 0.00, 0.0, 0, payload_fields, P3, null
34887060, 2020-11-28 09:34:17, feather_m0, iot_g4, C0EE40FFFF2947E1, LORA, SF12, 9.80, -94.00, 867.300, 4, 0.000000, 0.000000, 0.0, 0.00, 0.0, 0, payload_fields, P3, null
34887061, 2020-11-28 09:34:17, feather_m0, iot_g4, B827EBFFFEDB2F43, LORA, SF12, -17.20, -119.00, 867.300, 4, 0.000000, 0.000000, 0.0, 0.00, 0.0, 0, payload_fields, P3, null
34887014, 2020-11-28 09:33:43, feather_m0, iot_g4, C0EE40FFFF2947E1, LORA, SF10, 8.50, -89.00, 868.500, 3, 0.000000, 0.000000, 0.0, 0.00, 0.0, 0, payload_fields, P3, null
34887015, 2020-11-28 09:33:43, feather_m0, iot_g4, FCC23DFFFE0B685F, LORA, SF10, 7.20, -99.00, 868.500, 3, 0.000000, 0.000000, 0.0, 0.00, 0.0, 0, payload_fields, P3, null
34887016, 2020-11-28 09:33:43, feather_m0, iot_g4, FCC23DFFFE0B9926, LORA, SF10, -11.20, -118.00, 868.500, 3, 0.000000, 0.000000, 0.0, 0.00, 0.0, 0, payload_fields, P3, null
34886978, 2020-11-28 09:33:26, feather_m0, iot_g4, 1DEE0EF864B8691B, LORA, SF09, -11.80, -107.00, 868.300, 2, 0.000000, 0.000000, 0.0, 0.00, 0.0, 0, payload_fields, P3, null
34886979, 2020-11-28 09:33:26, feather_m0, iot_g4, FCC23DFFFE0B685F, LORA, SF09, 9.50, -105.00, 868.300, 2, 0.000000, 0.000000, 0.0, 0.00, 0.0, 0, payload_fields, P3, null
34886980, 2020-11-28 09:33:26, feather_m0, iot_g4, C0EE40FFFF2947E1, LORA, SF09, 12.80, -91.00, 868.300, 2, 0.000000, 0.000000, 0.0, 0.00, 0.0, 0, payload_fields, P3, null
34886964, 2020-11-28 09:33:15, feather_m0, iot_g4, C0EE40FFFF2947E1, LORA, SF08, 11.00, -89.00, 868.100, 1, 0.000000, 0.000000, 0.0, 0.00, 0.0, 0, payload_fields, P3, null
34886965, 2020-11-28 09:33:15, feather_m0, iot_g4, FCC23DFFFE0B685F, LORA, SF08, 9.80, -97.00, 868.100, 1, 0.000000, 0.000000, 0.0, 0.00, 0.0, 0, payload_fields, P3, null
34886946, 2020-11-28 09:33:04, feather_m0, iot_g4, 1DEE0EF864B8691B, LORA, SF07, -3.20, -118.00, 867.900, 0, 0.000000, 0.000000, 0.0, 0.00, 0.0, 0, payload_fields, P3, null
34886947, 2020-11-28 09:33:04, feather_m0, iot_g4, C0EE40FFFF2947E1, LORA, SF07, 9.50, -91.00, 867.900, 0, 0.000000, 0.000000, 0.0, 0.00, 0.0, 0, payload_fields, P3, null
34886948, 2020-11-28 09:33:04, feather_m0, iot_g4, FCC23DFFFE0B685F, LORA, SF07, 7.00, -103.00, 867.900, 0, 0.000000, 0.000000, 0.0, 0.00, 0.0, 0, payload_fields, P3, null
34888524, 2020-11-28 09:49:45, feather_m0, iot_g4, FCC23DFFFE0B9926, LORA, SF11, -13.20, -118.00, 868.500, 5, 0.000000, 0.000000, 0.0, 0.00, 0.0, 0, payload_fields, P4, null
34888525, 2020-11-28 09:49:45, feather_m0, iot_g4, C0EE40FFFF2947E1, LORA, SF11, 8.20, -101.00, 868.500, 5, 0.000000, 0.000000, 0.0, 0.00, 0.0, 0, payload_fields, P4, null
34888526, 2020-11-28 09:49:45, feather_m0, iot_g4, FCC23DFFFE0B685F, LORA, SF11, 9.80, -82.00, 868.500, 5, 0.000000, 0.000000, 0.0, 0.00, 0.0, 0, payload_fields, P4, null
34888527, 2020-11-28 09:49:45, feather_m0, iot_g4, 1DEE0EF864B8691B, LORA, SF11, -5.20, -112.00, 868.500, 5, 0.000000, 0.000000, 0.0, 0.00, 0.0, 0, payload_fields, P4, null
34888528, 2020-11-28 09:49:45, feather_m0, iot_g4, ttn-tum-i10, LORA, SF11, 0.25, -106.00, 868.500, 5, 0.000000, 0.000000, 0.0, 0.00, 0.0, 0, payload_fields, P4, null
34888314, 2020-11-28 09:47:33, feather_m0, iot_g4, 1DEE0EF864B8691B, LORA, SF12, -12.80, -109.00, 868.100, 4, 0.000000, 0.000000, 0.0, 0.00, 0.0, 0, payload_fields, P4, null
34888315, 2020-11-28 09:47:33, feather_m0, iot_g4, FCC23DFFFE0B685F, LORA, SF12, 9.50, -82.00, 868.100, 4, 0.000000, 0.000000, 0.0, 0.00, 0.0, 0, payload_fields, P4, null
34888316, 2020-11-28 09:47:33, feather_m0, iot_g4, FCC23DFFFE0B9926, LORA, SF12, -11.20, -119.00, 868.100, 4, 0.000000, 0.000000, 0.0, 0.00, 0.0, 0, payload_fields, P4, null
34888317, 2020-11-28 09:47:33, feather_m0, iot_g4, C0EE40FFFF2947E1, LORA, SF12, 9.50, -98.00, 868.100, 4, 0.000000, 0.000000, 0.0, 0.00, 0.0, 0, payload_fields, P4, null
34888318, 2020-11-28 09:47:33, feather_m0, iot_g4, ttn-tum-i10, LORA, SF12, 5.50, -103.00, 868.100, 4, 0.000000, 0.000000, 0.0, 0.00, 0.0, 0, payload_fields, P4, null
34888257, 2020-11-28 09:46:59, feather_m0, iot_g4, 1DEE0EF864B8691B, LORA, SF10, -2.00, -112.00, 867.700, 3, 0.000000, 0.000000, 0.0, 0.00, 0.0, 0, payload_fields, P4, null
34888258, 2020-11-28 09:46:59, feather_m0, iot_g4, FCC23DFFFE0B9926, LORA, SF10, -12.00, -118.00, 867.700, 3, 0.000000, 0.000000, 0.0, 0.00, 0.0, 0, payload_fields, P4, null
34888259, 2020-11-28 09:46:59, feather_m0, iot_g4, FCC23DFFFE0B685F, LORA, SF10, 12.80, -81.00, 867.700, 3, 0.000000, 0.000000, 0.0, 0.00, 0.0, 0, payload_fields, P4, null
34888260, 2020-11-28 09:46:59, feather_m0, iot_g4, C0EE40FFFF2947E1, LORA, SF10, 8.80, -96.00, 867.700, 3, 0.000000, 0.000000, 0.0, 0.00, 0.0, 0, payload_fields, P4, null
34888261, 2020-11-28 09:46:59, feather_m0, iot_g4, ttn-tum-i10, LORA, SF10, 4.00, -102.00, 867.700, 3, 0.000000, 0.000000, 0.0, 0.00, 0.0, 0, payload_fields, P4, null
34888237, 2020-11-28 09:46:42, feather_m0, iot_g4, FCC23DFFFE0B685F, LORA, SF09, 8.00, -81.00, 867.500, 2, 0.000000, 0.000000, 0.0, 0.00, 0.0, 0, payload_fields, P4, null
34888238, 2020-11-28 09:46:42, feather_m0, iot_g4, C0EE40FFFF2947E1, LORA, SF09, 7.80, -97.00, 867.500, 2, 0.000000, 0.000000, 0.0, 0.00, 0.0, 0, payload_fields, P4, null
34888239, 2020-11-28 09:46:42, feather_m0, iot_g4, ttn-tum-i10, LORA, SF09, 4.25, -107.00, 867.500, 2, 0.000000, 0.000000, 0.0, 0.00, 0.0, 0, payload_fields, P4, null
34888209, 2020-11-28 09:46:31, feather_m0, iot_g4, 1DEE0EF864B8691B, LORA, SF08, -7.50, -117.00, 867.300, 1, 0.000000, 0.000000, 0.0, 0.00, 0.0, 0, payload_fields, P4, null
34888210, 2020-11-28 09:46:31, feather_m0, iot_g4, FCC23DFFFE0B9926, LORA, SF08, -11.20, -116.00, 867.300, 1, 0.000000, 0.000000, 0.0, 0.00, 0.0, 0, payload_fields, P4, null
34888211, 2020-11-28 09:46:31, feather_m0, iot_g4, FCC23DFFFE0B685F, LORA, SF08, 12.00, -81.00, 867.300, 1, 0.000000, 0.000000, 0.0, 0.00, 0.0, 0, payload_fields, P4, null
34888212, 2020-11-28 09:46:31, feather_m0, iot_g4, C0EE40FFFF2947E1, LORA, SF08, 11.00, -96.00, 867.300, 1, 0.000000, 0.000000, 0.0, 0.00, 0.0, 0, payload_fields, P4, null
34888213, 2020-11-28 09:46:31, feather_m0, iot_g4, ttn-tum-i10, LORA, SF08, -0.75, -107.00, 867.300, 1, 0.000000, 0.000000, 0.0, 0.00, 0.0, 0, payload_fields, P4, null
34888181, 2020-11-28 09:46:20, feather_m0, iot_g4, 1DEE0EF864B8691B, LORA, SF07, -5.80, -118.00, 867.100, 0, 0.000000, 0.000000, 0.0, 0.00, 0.0, 0, payload_fields, P4, null
34888182, 2020-11-28 09:46:20, feather_m0, iot_g4, C0EE40FFFF2947E1, LORA, SF07, 7.00, -105.00, 867.100, 0, 0.000000, 0.000000, 0.0, 0.00, 0.0, 0, payload_fields, P4, null
34888183, 2020-11-28 09:46:20, feather_m0, iot_g4, FCC23DFFFE0B685F, LORA, SF07, 8.50, -88.00, 867.100, 0, 0.000000, 0.000000, 0.0, 0.00, 0.0, 0, payload_fields, P4, null
34888184, 2020-11-28 09:46:20, feather_m0, iot_g4, ttn-tum-i10, LORA, SF07, 5.75, -106.00, 867.100, 0, 0.000000, 0.000000, 0.0, 0.00, 0.0, 0, payload_fields, P4, null
34889578, 2020-11-28 10:00:16, feather_m0, iot_g4, FCC23DFFFE0B9926, LORA, SF10, -12.00, -118.00, 867.100, 3, 0.000000, 0.000000, 0.0, 0.00, 0.0, 0, payload_fields, P5, null
34889579, 2020-11-28 10:00:16, feather_m0, iot_g4, FCC23DFFFE0B685F, LORA, SF10, -2.20, -112.00, 867.100, 3, 0.000000, 0.000000, 0.0, 0.00, 0.0, 0, payload_fields, P5, null
34889580, 2020-11-28 10:00:16, feather_m0, iot_g4, C0EE40FFFF2947E1, LORA, SF10, 1.80, -117.00, 867.100, 3, 0.000000, 0.000000, 0.0, 0.00, 0.0, 0, payload_fields, P5, null
34889581, 2020-11-28 10:00:16, feather_m0, iot_g4, ttn-tum-i10, LORA, SF10, -14.50, -114.00, 867.100, 3, 0.000000, 0.000000, 0.0, 0.00, 0.0, 0, payload_fields, P5, null
34889553, 2020-11-28 09:59:59, feather_m0, iot_g4, FCC23DFFFE0B685F, LORA, SF09, 6.00, -106.00, 868.500, 2, 0.000000, 0.000000, 0.0, 0.00, 0.0, 0, payload_fields, P5, null
34889554, 2020-11-28 09:59:59, feather_m0, iot_g4, C0EE40FFFF2947E1, LORA, SF09, -1.50, -117.00, 868.500, 2, 0.000000, 0.000000, 0.0, 0.00, 0.0, 0, payload_fields, P5, null
34889555, 2020-11-28 09:59:59, feather_m0, iot_g4, ttn-tum-i10, LORA, SF09, -13.00, -109.00, 868.500, 2, 0.000000, 0.000000, 0.0, 0.00, 0.0, 0, payload_fields, P5, null
34889540, 2020-11-28 09:59:48, feather_m0, iot_g4, FCC23DFFFE0B685F, LORA, SF08, 7.80, -105.00, 868.300, 1, 0.000000, 0.000000, 0.0, 0.00, 0.0, 0, payload_fields, P5, null
34889541, 2020-11-28 09:59:48, feather_m0, iot_g4, C0EE40FFFF2947E1, LORA, SF08, 6.00, -112.00, 868.300, 1, 0.000000, 0.000000, 0.0, 0.00, 0.0, 0, payload_fields, P5, null
34889522, 2020-11-28 09:59:37, feather_m0, iot_g4, C0EE40FFFF2947E1, LORA, SF07, 7.00, -108.00, 868.100, 0, 0.000000, 0.000000, 0.0, 0.00, 0.0, 0, payload_fields, P5, null
34889523, 2020-11-28 09:59:37, feather_m0, iot_g4, FCC23DFFFE0B685F, LORA, SF07, 7.50, -100.00, 868.100, 0, 0.000000, 0.000000, 0.0, 0.00, 0.0, 0, payload_fields, P5, null
34889360, 2020-11-28 09:57:55, feather_m0, iot_g4, FCC23DFFFE0B9926, LORA, SF12, -5.50, -118.00, 868.100, 4, 0.000000, 0.000000, 0.0, 0.00, 0.0, 0, payload_fields, P5, null
34889361, 2020-11-28 09:57:55, feather_m0, iot_g4, FCC23DFFFE0B685F, LORA, SF12, 9.20, -99.00, 868.100, 4, 0.000000, 0.000000, 0.0, 0.00, 0.0, 0, payload_fields, P5, null
34889362, 2020-11-28 09:57:55, feather_m0, iot_g4, C0EE40FFFF2947E1, LORA, SF12, 3.00, -113.00, 868.100, 4, 0.000000, 0.000000, 0.0, 0.00, 0.0, 0, payload_fields, P5, null
34889363, 2020-11-28 09:57:55, feather_m0, iot_g4, ttn-tum-i10, LORA, SF12, -17.50, -113.00, 868.100, 4, 0.000000, 0.000000, 0.0, 0.00, 0.0, 0, payload_fields, P5, null
34889309, 2020-11-28 09:57:20, feather_m0, iot_g4, FCC23DFFFE0B9926, LORA, SF10, -7.20, -114.00, 867.700, 3, 0.000000, 0.000000, 0.0, 0.00, 0.0, 0, payload_fields, P5, null
34889310, 2020-11-28 09:57:20, feather_m0, iot_g4, FCC23DFFFE0B685F, LORA, SF10, 3.80, -106.00, 867.700, 3, 0.000000, 0.000000, 0.0, 0.00, 0.0, 0, payload_fields, P5, null
34889311, 2020-11-28 09:57:20, feather_m0, iot_g4, C0EE40FFFF2947E1, LORA, SF10, 5.80, -111.00, 867.700, 3, 0.000000, 0.000000, 0.0, 0.00, 0.0, 0, payload_fields, P5, null
34889268, 2020-11-28 09:57:03, feather_m0, iot_g4, FCC23DFFFE0B685F, LORA, SF09, 2.80, -106.00, 867.500, 2, 0.000000, 0.000000, 0.0, 0.00, 0.0, 0, payload_fields, P5, null
34889269, 2020-11-28 09:57:03, feather_m0, iot_g4, C0EE40FFFF2947E1, LORA, SF09, -0.80, -112.00, 867.500, 2, 0.000000, 0.000000, 0.0, 0.00, 0.0, 0, payload_fields, P5, null
34889255, 2020-11-28 09:56:52, feather_m0, iot_g4, FCC23DFFFE0B685F, LORA, SF08, 8.20, -103.00, 867.300, 1, 0.000000, 0.000000, 0.0, 0.00, 0.0, 0, payload_fields, P5, null
34889256, 2020-11-28 09:56:52, feather_m0, iot_g4, FCC23DFFFE0B9926, LORA, SF08, -7.80, -118.00, 867.300, 1, 0.000000, 0.000000, 0.0, 0.00, 0.0, 0, payload_fields, P5, null
34889257, 2020-11-28 09:56:52, feather_m0, iot_g4, C0EE40FFFF2947E1, LORA, SF08, 6.00, -112.00, 867.300, 1, 0.000000, 0.000000, 0.0, 0.00, 0.0, 0, payload_fields, P5, null
34889240, 2020-11-28 09:56:41, feather_m0, iot_g4, FCC23DFFFE0B685F, LORA, SF07, 4.80, -105.00, 867.100, 0, 0.000000, 0.000000, 0.0, 0.00, 0.0, 0, payload_fields, P5, null
34889241, 2020-11-28 09:56:41, feather_m0, iot_g4, C0EE40FFFF2947E1, LORA, SF07, -2.00, -119.00, 867.100, 0, 0.000000, 0.000000, 0.0, 0.00, 0.0, 0, payload_fields, P5, null
34889116, 2020-11-28 09:55:33, feather_m0, iot_g4, FCC23DFFFE0B9926, LORA, SF10, -9.00, -118.00, 867.100, 3, 0.000000, 0.000000, 0.0, 0.00, 0.0, 0, payload_fields, P5, null
34889117, 2020-11-28 09:55:33, feather_m0, iot_g4, FCC23DFFFE0B685F, LORA, SF10, 9.80, -100.00, 867.100, 3, 0.000000, 0.000000, 0.0, 0.00, 0.0, 0, payload_fields, P5, null
34889118, 2020-11-28 09:55:33, feather_m0, iot_g4, C0EE40FFFF2947E1, LORA, SF10, 6.20, -107.00, 867.100, 3, 0.000000, 0.000000, 0.0, 0.00, 0.0, 0, payload_fields, P5, null
34889077, 2020-11-28 09:55:16, feather_m0, iot_g4, C0EE40FFFF2947E1, LORA, SF09, 4.80, -113.00, 868.500, 2, 0.000000, 0.000000, 0.0, 0.00, 0.0, 0, payload_fields, P5, null
34889078, 2020-11-28 09:55:16, feather_m0, iot_g4, FCC23DFFFE0B685F, LORA, SF09, 8.50, -92.00, 868.500, 2, 0.000000, 0.000000, 0.0, 0.00, 0.0, 0, payload_fields, P5, null
34889079, 2020-11-28 09:55:16, feather_m0, iot_g4, FCC23DFFFE0B9926, LORA, SF09, -5.20, -116.00, 868.500, 2, 0.000000, 0.000000, 0.0, 0.00, 0.0, 0, payload_fields, P5, null
34889059, 2020-11-28 09:55:05, feather_m0, iot_g4, FCC23DFFFE0B685F, LORA, SF08, 11.00, -94.00, 868.300, 1, 0.000000, 0.000000, 0.0, 0.00, 0.0, 0, payload_fields, P5, null
34889060, 2020-11-28 09:55:05, feather_m0, iot_g4, C0EE40FFFF2947E1, LORA, SF08, 6.20, -113.00, 868.300, 1, 0.000000, 0.000000, 0.0, 0.00, 0.0, 0, payload_fields, P5, null
34889038, 2020-11-28 09:54:54, feather_m0, iot_g4, FCC23DFFFE0B9926, LORA, SF07, -6.00, -118.00, 868.100, 0, 0.000000, 0.000000, 0.0, 0.00, 0.0, 0, payload_fields, P5, null
34889039, 2020-11-28 09:54:54, feather_m0, iot_g4, FCC23DFFFE0B685F, LORA, SF07, 9.50, -94.00, 868.100, 0, 0.000000, 0.000000, 0.0, 0.00, 0.0, 0, payload_fields, P5, null
34889040, 2020-11-28 09:54:54, feather_m0, iot_g4, C0EE40FFFF2947E1, LORA, SF07, 7.50, -108.00, 868.100, 0, 0.000000, 0.000000, 0.0, 0.00, 0.0, 0, payload_fields, P5, null
34890615, 2020-11-28 10:11:37, feather_m0, iot_g4, FCC23DFFFE0B9926, LORA, SF10, -6.80, -118.00, 867.100, 3, 0.000000, 0.000000, 0.0, 0.00, 0.0, 0, payload_fields, P6, null
34890616, 2020-11-28 10:11:37, feather_m0, iot_g4, B827EBFFFEA12B39, LORA, SF10, -12.80, -113.00, 867.100, 3, 0.000000, 0.000000, 0.0, 0.00, 0.0, 0, payload_fields, P6, null
34890617, 2020-11-28 10:11:37, feather_m0, iot_g4, C0EE40FFFF2947E1, LORA, SF10, 4.00, -114.00, 867.100, 3, 0.000000, 0.000000, 0.0, 0.00, 0.0, 0, payload_fields, P6, null
34890618, 2020-11-28 10:11:37, feather_m0, iot_g4, FCC23DFFFE0B685F, LORA, SF10, 10.50, -99.00, 867.100, 3, 0.000000, 0.000000, 0.0, 0.00, 0.0, 0, payload_fields, P6, null
34890619, 2020-11-28 10:11:37, feather_m0, iot_g4, ttn-tum-i10, LORA, SF10, -13.25, -113.00, 867.100, 3, 0.000000, 0.000000, 0.0, 0.00, 0.0, 0, payload_fields, P6, null
34890593, 2020-11-28 10:11:21, feather_m0, iot_g4, FCC23DFFFE0B685F, LORA, SF09, 4.20, -106.00, 868.500, 2, 0.000000, 0.000000, 0.0, 0.00, 0.0, 0, payload_fields, P6, null
34890594, 2020-11-28 10:11:21, feather_m0, iot_g4, C0EE40FFFF2947E1, LORA, SF09, 6.50, -111.00, 868.500, 2, 0.000000, 0.000000, 0.0, 0.00, 0.0, 0, payload_fields, P6, null
34890595, 2020-11-28 10:11:21, feather_m0, iot_g4, FCC23DFFFE0B9926, LORA, SF09, -3.80, -116.00, 868.500, 2, 0.000000, 0.000000, 0.0, 0.00, 0.0, 0, payload_fields, P6, null
34890573, 2020-11-28 10:11:10, feather_m0, iot_g4, FCC23DFFFE0B9926, LORA, SF08, -3.00, -113.00, 868.300, 1, 0.000000, 0.000000, 0.0, 0.00, 0.0, 0, payload_fields, P6, null
34890574, 2020-11-28 10:11:10, feather_m0, iot_g4, C0EE40FFFF2947E1, LORA, SF08, -0.80, -119.00, 868.300, 1, 0.000000, 0.000000, 0.0, 0.00, 0.0, 0, payload_fields, P6, null
34890575, 2020-11-28 10:11:10, feather_m0, iot_g4, FCC23DFFFE0B685F, LORA, SF08, -0.80, -111.00, 868.300, 1, 0.000000, 0.000000, 0.0, 0.00, 0.0, 0, payload_fields, P6, null
34890557, 2020-11-28 10:10:59, feather_m0, iot_g4, FCC23DFFFE0B685F, LORA, SF07, 4.80, -107.00, 868.100, 0, 0.000000, 0.000000, 0.0, 0.00, 0.0, 0, payload_fields, P6, null
34890558, 2020-11-28 10:10:59, feather_m0, iot_g4, C0EE40FFFF2947E1, LORA, SF07, 6.20, -111.00, 868.100, 0, 0.000000, 0.000000, 0.0, 0.00, 0.0, 0, payload_fields, P6, null
34890386, 2020-11-28 10:09:08, feather_m0, iot_g4, B827EBFFFEA12B39, LORA, SF12, -11.80, -114.00, 867.700, 4, 0.000000, 0.000000, 0.0, 0.00, 0.0, 0, payload_fields, P6, null
34890387, 2020-11-28 10:09:08, feather_m0, iot_g4, C0EE40FFFF2947E1, LORA, SF12, 6.80, -105.00, 867.700, 4, 0.000000, 0.000000, 0.0, 0.00, 0.0, 0, payload_fields, P6, null
34890388, 2020-11-28 10:09:08, feather_m0, iot_g4, FCC23DFFFE0B685F, LORA, SF12, 6.20, -101.00, 867.700, 4, 0.000000, 0.000000, 0.0, 0.00, 0.0, 0, payload_fields, P6, null
34890389, 2020-11-28 10:09:08, feather_m0, iot_g4, FCC23DFFFE0B9926, LORA, SF12, -10.20, -117.00, 867.700, 4, 0.000000, 0.000000, 0.0, 0.00, 0.0, 0, payload_fields, P6, null
34890390, 2020-11-28 10:09:08, feather_m0, iot_g4, B827EBFFFEDB2F43, LORA, SF12, -17.00, -119.00, 867.700, 4, 0.000000, 0.000000, 0.0, 0.00, 0.0, 0, payload_fields, P6, null
34890391, 2020-11-28 10:09:08, feather_m0, iot_g4, ttn-tum-i10, LORA, SF12, -14.00, -111.00, 867.700, 4, 0.000000, 0.000000, 0.0, 0.00, 0.0, 0, payload_fields, P6, null
34890332, 2020-11-28 10:08:34, feather_m0, iot_g4, FCC23DFFFE0B9926, LORA, SF10, -12.20, -117.00, 867.300, 3, 0.000000, 0.000000, 0.0, 0.00, 0.0, 0, payload_fields, P6, null
34890333, 2020-11-28 10:08:34, feather_m0, iot_g4, FCC23DFFFE0B685F, LORA, SF10, 9.50, -92.00, 867.300, 3, 0.000000, 0.000000, 0.0, 0.00, 0.0, 0, payload_fields, P6, null
34890334, 2020-11-28 10:08:34, feather_m0, iot_g4, B827EBFFFEA12B39, LORA, SF10, -12.00, -115.00, 867.300, 3, 0.000000, 0.000000, 0.0, 0.00, 0.0, 0, payload_fields, P6, null
34890335, 2020-11-28 10:08:34, feather_m0, iot_g4, C0EE40FFFF2947E1, LORA, SF10, 7.80, -100.00, 867.300, 3, 0.000000, 0.000000, 0.0, 0.00, 0.0, 0, payload_fields, P6, null
34890296, 2020-11-28 10:08:17, feather_m0, iot_g4, FCC23DFFFE0B685F, LORA, SF09, 10.20, -99.00, 867.100, 2, 0.000000, 0.000000, 0.0, 0.00, 0.0, 0, payload_fields, P6, null
34890297, 2020-11-28 10:08:17, feather_m0, iot_g4, FCC23DFFFE0B9926, LORA, SF09, -8.20, -118.00, 867.100, 2, 0.000000, 0.000000, 0.0, 0.00, 0.0, 0, payload_fields, P6, null
34890298, 2020-11-28 10:08:17, feather_m0, iot_g4, C0EE40FFFF2947E1, LORA, SF09, 3.50, -119.00, 867.100, 2, 0.000000, 0.000000, 0.0, 0.00, 0.0, 0, payload_fields, P6, null
34890276, 2020-11-28 10:08:06, feather_m0, iot_g4, FCC23DFFFE0B685F, LORA, SF08, 7.80, -97.00, 868.500, 1, 0.000000, 0.000000, 0.0, 0.00, 0.0, 0, payload_fields, P6, null
34890277, 2020-11-28 10:08:06, feather_m0, iot_g4, C0EE40FFFF2947E1, LORA, SF08, 7.00, -107.00, 868.500, 1, 0.000000, 0.000000, 0.0, 0.00, 0.0, 0, payload_fields, P6, null
34890257, 2020-11-28 10:07:55, feather_m0, iot_g4, C0EE40FFFF2947E1, LORA, SF07, 8.80, -105.00, 868.300, 0, 0.000000, 0.000000, 0.0, 0.00, 0.0, 0, payload_fields, P6, null
34890258, 2020-11-28 10:07:55, feather_m0, iot_g4, FCC23DFFFE0B685F, LORA, SF07, 8.80, -93.00, 868.300, 0, 0.000000, 0.000000, 0.0, 0.00, 0.0, 0, payload_fields, P6, null
34891405, 2020-11-28 10:19:51, feather_m0, iot_g4, FCC23DFFFE0B685F, LORA, SF10, 7.00, -94.00, 868.500, 3, 0.000000, 0.000000, 0.0, 0.00, 0.0, 0, payload_fields, P7, null
34891406, 2020-11-28 10:19:51, feather_m0, iot_g4, FCC23DFFFE0B9926, LORA, SF10, -8.80, -116.00, 868.500, 3, 0.000000, 0.000000, 0.0, 0.00, 0.0, 0, payload_fields, P7, null
34891407, 2020-11-28 10:19:51, feather_m0, iot_g4, C0EE40FFFF2947E1, LORA, SF10, 5.20, -109.00, 868.500, 3, 0.000000, 0.000000, 0.0, 0.00, 0.0, 0, payload_fields, P7, null
34891375, 2020-11-28 10:19:34, feather_m0, iot_g4, C0EE40FFFF2947E1, LORA, SF09, 2.20, -113.00, 868.300, 2, 0.000000, 0.000000, 0.0, 0.00, 0.0, 0, payload_fields, P7, null
34891376, 2020-11-28 10:19:34, feather_m0, iot_g4, FCC23DFFFE0B685F, LORA, SF09, 11.50, -97.00, 868.300, 2, 0.000000, 0.000000, 0.0, 0.00, 0.0, 0, payload_fields, P7, null
34891356, 2020-11-28 10:19:23, feather_m0, iot_g4, FCC23DFFFE0B685F, LORA, SF08, 10.20, -94.00, 868.100, 1, 0.000000, 0.000000, 0.0, 0.00, 0.0, 0, payload_fields, P7, null
34891357, 2020-11-28 10:19:23, feather_m0, iot_g4, C0EE40FFFF2947E1, LORA, SF08, -7.50, -121.00, 868.100, 1, 0.000000, 0.000000, 0.0, 0.00, 0.0, 0, payload_fields, P7, null
34891342, 2020-11-28 10:19:12, feather_m0, iot_g4, C0EE40FFFF2947E1, LORA, SF07, -0.80, -118.00, 867.900, 0, 0.000000, 0.000000, 0.0, 0.00, 0.0, 0, payload_fields, P7, null
34891343, 2020-11-28 10:19:12, feather_m0, iot_g4, FCC23DFFFE0B685F, LORA, SF07, 9.80, -94.00, 867.900, 0, 0.000000, 0.000000, 0.0, 0.00, 0.0, 0, payload_fields, P7, null
34891207, 2020-11-28 10:17:41, feather_m0, iot_g4, FCC23DFFFE0B685F, LORA, SF12, 8.80, -94.00, 868.100, 4, 0.000000, 0.000000, 0.0, 0.00, 0.0, 0, payload_fields, P7, null
34891208, 2020-11-28 10:17:41, feather_m0, iot_g4, FCC23DFFFE0B9926, LORA, SF12, -7.20, -119.00, 868.100, 4, 0.000000, 0.000000, 0.0, 0.00, 0.0, 0, payload_fields, P7, null
34891209, 2020-11-28 10:17:41, feather_m0, iot_g4, C0EE40FFFF2947E1, LORA, SF12, -5.80, -121.00, 868.100, 4, 0.000000, 0.000000, 0.0, 0.00, 0.0, 0, payload_fields, P7, null
34891210, 2020-11-28 10:17:41, feather_m0, iot_g4, ttn-tum-i10, LORA, SF12, -16.25, -112.00, 868.100, 4, 0.000000, 0.000000, 0.0, 0.00, 0.0, 0, payload_fields, P7, null
34891146, 2020-11-28 10:17:06, feather_m0, iot_g4, FCC23DFFFE0B9926, LORA, SF10, -10.00, -117.00, 867.700, 3, 0.000000, 0.000000, 0.0, 0.00, 0.0, 0, payload_fields, P7, null
34891147, 2020-11-28 10:17:06, feather_m0, iot_g4, FCC23DFFFE0B685F, LORA, SF10, 10.20, -92.00, 867.700, 3, 0.000000, 0.000000, 0.0, 0.00, 0.0, 0, payload_fields, P7, null
34891148, 2020-11-28 10:17:06, feather_m0, iot_g4, C0EE40FFFF2947E1, LORA, SF10, 0.00, -118.00, 867.700, 3, 0.000000, 0.000000, 0.0, 0.00, 0.0, 0, payload_fields, P7, null
34891125, 2020-11-28 10:16:49, feather_m0, iot_g4, FCC23DFFFE0B9926, LORA, SF09, -13.00, -110.00, 867.500, 2, 0.000000, 0.000000, 0.0, 0.00, 0.0, 0, payload_fields, P7, null
34891126, 2020-11-28 10:16:49, feather_m0, iot_g4, FCC23DFFFE0B685F, LORA, SF09, 7.50, -94.00, 867.500, 2, 0.000000, 0.000000, 0.0, 0.00, 0.0, 0, payload_fields, P7, null
34891127, 2020-11-28 10:16:49, feather_m0, iot_g4, C0EE40FFFF2947E1, LORA, SF09, -0.80, -119.00, 867.500, 2, 0.000000, 0.000000, 0.0, 0.00, 0.0, 0, payload_fields, P7, null
34891101, 2020-11-28 10:16:38, feather_m0, iot_g4, FCC23DFFFE0B9926, LORA, SF08, -7.50, -118.00, 867.300, 1, 0.000000, 0.000000, 0.0, 0.00, 0.0, 0, payload_fields, P7, null
34891102, 2020-11-28 10:16:38, feather_m0, iot_g4, FCC23DFFFE0B685F, LORA, SF08, 10.50, -90.00, 867.300, 1, 0.000000, 0.000000, 0.0, 0.00, 0.0, 0, payload_fields, P7, null
34891084, 2020-11-28 10:16:27, feather_m0, iot_g4, C0EE40FFFF2947E1, LORA, SF07, -2.00, -120.00, 867.100, 0, 0.000000, 0.000000, 0.0, 0.00, 0.0, 0, payload_fields, P7, null
34891085, 2020-11-28 10:16:27, feather_m0, iot_g4, FCC23DFFFE0B685F, LORA, SF07, 10.00, -94.00, 867.100, 0, 0.000000, 0.000000, 0.0, 0.00, 0.0, 0, payload_fields, P7, null

